{"cameraMode":{"drawMode":0,"name":"Shaded","section":"Shading Mode"},"sceneLighting":false,"audioPlay":false,"sceneViewState":{"m_AlwaysRefresh":false,"showFog":true,"showSkybox":false,"showFlares":true,"showImageEffects":true,"showParticleSystems":true,"showVisualEffectGraphs":true,"m_FxEnabled":true},"in2DMode":false,"pivot":{"x":-0.02283865213394165,"y":0.6677788496017456,"z":-0.02498096227645874},"rotation":{"x":0.5553550720214844,"y":-0.014967153780162335,"z":0.009997472167015076,"w":0.831418514251709},"size":1.2013829946517945,"orthographic":true}